,KOR,AUS,GBR,ESP,JPN,CAN,USA,MEX,DEU,ITA,CHE,SWE,FRA
1983-03-01,0.6762134896866367,0.5216249072409985,0.1744399145194444,0.030898127506422332,0.4152400040842903,0.08747996478065184,0.14908415160628802,-1.1062325974705118,-0.006538225775966439,0.008747041282852641,-0.24473187775268587,-0.4147743085684614,0.08542250489977188
1983-06-01,0.7338796412012689,0.35947256981095743,0.06982154481719444,-0.2409175804083748,0.37127264761244066,0.4995315693754792,0.10653588246943224,-1.0976939246142356,0.031534709061025096,-0.023978219880073315,-0.39004023044273567,1.135781981957511,-0.1729653280676522
1983-09-01,0.5585326279930573,0.16970872432071135,-0.252157649324729,-0.2474339831389295,0.37241120024264635,0.6300368998055441,0.12389545485904532,-2.2312941924451217,0.10025399211911742,-0.29111136658538245,-0.09867816245455441,0.04410395671806233,-0.13611784718630238
1983-12-01,0.6166479928351248,-0.3812239825056737,-0.38645192961833774,-0.6548419770757189,0.1398240191251235,0.3738360443755079,0.23242496885358088,-0.10352806372890655,0.42786054272723834,0.4082486326264492,-0.5745462326042726,-0.08146890125185902,-0.06457114886504467
1984-03-01,0.07252457014492392,-0.15439466873140373,-0.30289703741868934,-0.3658819584416326,0.1287804880396094,0.34788595204225314,0.08714127343737604,-0.2404159044709696,0.042443872830993726,0.5338592717468691,-0.2962440722850365,-0.5904761067819305,-0.01791819302046932
1984-06-01,0.7981579790955317,-0.32157867375003113,-0.22056113544402495,-0.2856901362509466,-0.015168566793352378,0.3091034396081913,0.041900831080955325,0.9488739430821925,0.0517122312876037,-0.321912362286209,-0.3514757565987782,-0.6581788859993762,0.03863820308780769
1984-09-01,0.5944715862800777,-0.07679400597326935,-0.07313776982544973,-0.687214211201113,0.1514167647572859,0.3847500678576039,-0.004495732253106732,-0.9693929822206442,0.5894552987579016,0.1763486706498743,-0.05495351920715548,0.7996952435150705,0.04504304597400821
1984-12-01,0.3006869201735917,0.04003387685084488,-0.17820625526469203,-0.13193206306386285,0.004431399552434434,0.38026712570446114,-0.013098834894504391,0.8890154076986162,-0.36583471161484615,0.263635758940829,0.3001530276185246,-0.008240039013860834,0.0536816259147761
1985-03-01,0.23327782976371686,0.0529342908873249,0.12105195890014764,-0.31040999780767353,-0.003853394395048358,0.37472988599552204,-0.04899477102464646,-0.6158292661742187,-0.023534726571537122,0.11233332927716444,0.22872008134377264,-0.00636522666794459,-0.003539652218964018
1985-06-01,0.5606999587113979,-0.014277463769408458,-0.32438916777272003,0.19095717047160657,0.09552477549506674,0.35843594478668805,0.12990249139690474,0.7464053775983394,0.4189992104279523,0.24211942807636233,-0.11885322781459841,0.6093944123114068,-0.13792941717654758
1985-09-01,0.44329523356887923,-0.05259165934321189,-0.7463823186889729,-0.5690214734657578,0.19327273628861674,0.43462723996193253,0.14611162610606243,-0.07914978038475119,0.05093882153952942,0.42341526748083463,-0.006143670893036204,0.2529973128795824,0.11815629521244153
1985-12-01,0.22992711356241613,0.12403285532563399,-0.4128788027965012,0.05318558338714097,0.09784487820837756,0.3707057596295049,0.03204453642842736,-0.06292439560757082,-0.02270308640258714,0.2850237887764654,-0.29230606931878833,0.47237213042657933,0.02359560759775825
1986-03-01,0.6445514361544114,0.41013748684071294,-0.5755874340716642,0.2985563797733972,0.19756043619541236,0.38301336191419155,0.04759824166404421,-0.3850754541250551,0.06970455127886742,0.3449948207220392,0.1540619915886445,0.9371189520459036,-0.10186506474913933
1986-06-01,0.4833845409755894,0.21378637946774026,-0.26116098765237555,-0.07250242693834479,0.07005013209380663,0.26558293296005764,0.14341428582876456,-1.3486581785852638,0.2444971889126732,0.3972966588233795,-0.3345442494107949,-0.2996656320598212,0.1400557577403889
1986-09-01,0.8690147648086946,0.24574680953561273,-0.3058241281523236,1.0132050655992406,0.036835654444056176,0.24996373699328384,0.16268863316238208,-0.3805135130044842,-0.15500927767064862,0.40741953488019844,0.0878338273677105,0.29645531659111846,0.5247917872643111
1986-12-01,0.9597339688436084,0.010169010052495576,-0.3776117747056015,-0.6742971359510865,0.042434262241852094,0.20753851421896788,-0.01954874801415865,-1.315651594098558,-0.028846177257349438,0.5353118898685387,-0.3898189437804512,0.19795152866927923,0.01102818165646259
1987-03-01,0.3978046574413124,-0.018918109906239794,-0.24311862428253211,-0.01928747765611576,0.09931877579265896,0.025070748584279615,0.08287618087791077,-0.30601966543122067,-0.11057929701137921,0.4293722531175188,-0.41627720427404635,0.2667765110459288,-0.01640308893673801
1987-06-01,0.7667233235637722,0.1353585865140078,-0.16758467737676458,0.5689443288088661,0.041164609240023145,0.3761605730832949,0.09985291896914152,0.342506211970211,0.6510980290310249,0.40579083182662784,-0.2835872806412512,0.32991925577659886,-0.013224081489468006
1987-09-01,0.8162028906782127,0.14287166272974522,-0.17697991504054666,-0.03556722501453696,0.13506318512759924,0.21344953668774677,0.27177727612514635,0.8608144458052329,-0.18660958517964787,0.4185633201921424,-0.30014622382185496,0.28182273298406213,0.024951936484300358
1987-12-01,0.507335783462172,0.020895738273203096,-0.133020320172248,0.3731429795386712,0.14447885234343194,0.17621843733843603,0.1794022858230508,-0.37645635406534617,0.08999100684301921,0.21835028254521632,-0.010787397499837842,0.11006868290129956,-0.0263003641713543
1988-03-01,0.4824335253734151,0.10838057042686089,-0.3293871621420901,0.30191853771694394,0.19235602032599028,0.13484202917821803,-0.8578137221354813,-0.042429107424770546,-0.015966655151086216,0.12145335884876655,-0.28112462657125614,0.6608070437219411,0.13497405543077134
1988-06-01,1.1679701809693128,0.2742707089356249,0.07386899561277255,-0.19724277973692336,0.5165379043087155,0.22599815768092724,-0.440448909586716,-0.7525884555240928,0.38945262027071886,0.5816890034849849,-0.1975596778598307,0.38711597714558743,0.16551864589549353
1988-09-01,0.5880733919297545,0.29849373837358184,0.06065331975877697,0.19064675408416995,0.13194424411211958,0.20096966034150937,-0.3731430096081043,-0.6555446786511914,-0.33436913134690494,0.33763270269574347,0.021690821844451313,0.3433423195889085,0.04753897887753386
1988-12-01,0.5696384874946557,0.11806159794359813,-0.01855984278711803,0.5620248718702675,0.19782469987278314,0.1667403563092744,0.07555506507306822,-0.5903069116230301,-0.024109505344022553,0.373838574055731,0.05385781175928139,0.4303322408124368,0.205898699430563
1989-03-01,0.674871735660786,0.05250340320103175,-0.2044380420628708,-0.4857511391772841,0.1652195615894837,0.21597188102927276,-0.006068597074806656,0.4272823284718842,-0.001153451774123522,0.31739176287944804,0.24026517934183067,-0.28408659174634354,0.10009774121551128
1989-06-01,0.5976614986677632,0.11745128409937168,-0.10903257912461256,0.48651198016521946,0.2041751565938337,0.17802868615256462,0.19947367682484063,0.42700421206418687,0.060899126246602694,0.15538424416010715,-0.49430116266574664,0.35996368549778224,0.15207728686936994
1989-09-01,0.570408364977089,0.014275672536950446,-0.04847128308786325,0.20227312348621623,0.23289515446634135,0.046580929899581555,0.04641634098184402,-0.26090185742886396,0.015619066444368036,0.2584890073209559,0.7628251195228964,-0.12101317228993147,0.20334978099455123
1989-12-01,0.5853587186478139,0.14878087405280732,-0.09675520184115505,0.18657459911540444,0.18121786860355216,0.058881815478783094,0.10025405895147033,0.47750007309281717,0.02833461347641822,0.217057727114142,-0.09028596598140692,0.4427587766510771,0.22957801945176495
1990-03-01,0.5700972852067405,0.2170258852429116,-0.21611236371865816,-0.43084810254800215,0.07318743057718474,0.028259541527473158,0.28466111871606503,-0.9018524876424397,-0.03816780693029635,0.3239555298275394,0.3559008637261981,0.13418591076989794,0.6023581461458061
1990-06-01,0.6053904301257328,0.05164253204666808,-0.06030986056206278,0.01866085829290675,0.42065147000172176,-0.06280848570248355,-0.06958461753158608,0.6534103379924338,-0.26637067008283644,0.240466903527773,0.5612454271498409,0.17426049844468539,-0.011202250492050456
1990-09-01,0.5557988295890205,0.08288622540539622,-0.4688933615688253,0.3900080525270476,-0.1614254608652043,-0.08265810609731947,0.09969867292194803,0.6989936467486505,0.12261845288360776,0.34150776043196246,-0.1936952019292231,0.7138928953713839,0.07146089229517892
1990-12-01,0.5378372663031578,0.1268467325080825,-0.612115497904729,-0.3034441831938166,0.08111566371547164,-0.06567812390460848,-0.12040623555552808,0.6174193924217418,-0.4688260750378119,0.34214168221772895,-0.5283285528400626,0.4193663727246639,0.11470051675940784
1991-03-01,0.5502758536497852,-0.057870010194154727,-0.3582931541799165,1.0674134323088735,0.2720276201807945,-0.13560030817561433,-0.10727553595864281,0.693535489807721,-0.3992772269582781,-0.05866875626422549,-0.18830486781163983,-0.48730674863396595,0.10882313198388979
1991-06-01,0.6769499516815743,0.08481099810121999,-0.2711121835670538,-0.6040837553389046,0.1197849743547357,-0.2445830024445729,-0.011057682799622902,0.2215911552378685,-0.7213367419087204,0.667944983531612,-0.30970481350351975,-0.20142528676024485,-0.08188035233481346
1991-09-01,0.4840708900771649,-0.03980977961283625,-0.32889671108571217,0.10256664358475873,0.15235829693283198,0.027611875610954392,-0.035684774237273,0.7819286326655469,0.29508303150193393,0.32516280151043253,-0.5940783657630385,0.4116278559925539,0.11285354289735504
1991-12-01,0.7698338106099023,-0.11911826885086589,-0.6466798309818864,0.045483685433357166,0.2652894904918089,0.026904622983902754,-0.016777115153293325,0.0888728338215634,0.14441267416027487,0.38028661334260805,-0.09295025541164431,-0.572631674936867,0.060928214850471195
1992-03-01,0.7787913681654083,-0.08617987289284358,-0.565041921247317,-0.07108255240294892,0.1496847563682306,-0.056443689577940236,0.03385230219537953,0.8221445073570051,-0.16455620664118384,0.6609756327265376,-0.168493157487592,-0.6622292142843681,0.013017053780044814
1992-06-01,0.7249620213317031,-0.12495567413134338,-0.5198228003658232,-0.03587817118271018,0.1923159605408649,-0.1000069392879118,-0.07656809503823901,-0.3271891265722231,-0.16176404637653977,0.2684371475505952,0.04390352780446721,-0.4657549306283506,0.1735573308056064
1992-09-01,0.4737190558325057,-0.16873353116055106,-0.5567607415073893,-0.4822638112633422,0.06288687071806877,-0.02300995286774586,-0.1022712579738587,0.8515125997108527,0.281630118411859,0.32586485881127825,-0.2182559811404667,-0.39890619819910506,-0.05098842767759639
1992-12-01,0.4695288286968214,-0.1639541172033132,-0.43688953049624873,-0.18897966162501936,0.12568051557518678,0.01408493069516625,-0.028308672148280846,0.4204744735264873,0.18628017945722433,0.03596676889217207,-0.6799549954393885,0.3607194392731995,-0.14925419903284787
1993-03-01,0.3586251221395749,-0.25591281194092114,-0.29400292958516017,-0.32774414558476317,0.19646468928050406,0.031182243962451155,-0.06132577142246978,0.042071220105922236,0.1314124856416461,-0.014201179005665678,-0.6128336351180346,0.7842307838348296,-0.1272281897322249
1993-06-01,0.4842049051388118,-0.12584180016278285,-0.3984258482323595,-0.4114062687474659,-0.09849015275180915,0.07468407898600152,0.04773809438299584,-0.28509616889577016,0.2276478077731692,0.10729229714122317,-0.12428694748392861,0.225665080659898,-0.2900884767698827
1993-09-01,0.596601261371985,-0.10780355084737629,-0.5497990784209209,-0.19700893987787482,0.15678230843777918,0.08765135416114672,0.13146829044720862,-0.28163860589064604,0.10369170915309162,0.03421170582730515,0.26869306258364395,-0.9316285095237843,-0.06450085798399532
1993-12-01,0.4756770902620883,-0.07875016989494925,-0.4786155687436766,0.12714441933224763,0.12815345644262693,0.09592235158593906,0.113358774537198,0.15045983528755252,-0.03828511157883242,0.020602872060555937,-0.0811368857288795,-1.2391063649812821,-0.01207535058077407
1994-03-01,0.31693169859965253,-0.18872905303412996,-0.4777285687945053,-0.15051542783363248,0.03597421586786925,-0.030900064297325495,0.09097061465868586,0.10433229512400442,0.23339586711811536,0.1482669011784578,-0.07791714082487819,-0.6220093730370936,-0.1175792210355924
1994-06-01,0.46793834509475146,-0.1365793192323163,-0.426776974434861,-0.05963509531640482,-0.07363957852755804,0.09780316005543965,0.08876687805800171,-0.049323669205980206,-0.11184713396129375,0.07995916830053822,-0.14608876069673818,-0.8898424280671968,0.05218634108265352
1994-09-01,0.4559521742501537,-0.12173307454697785,-0.19217349910118392,-0.15938652956317356,0.13005516876552897,0.13406615541926092,-0.019986954309601256,0.8242960907476348,0.07332503008002801,0.2166521886616666,-0.46140206342028894,-0.8074329931821715,0.24684360290215313
1994-12-01,0.34362245879784215,-0.09609612927191251,-0.2388912279625814,-0.07882343708998008,-0.13831603989696928,0.09441181705658197,0.17322473450610865,-0.09788573680317053,0.044220828562539,0.062951213544927,0.0031128197513650042,-0.6192536396142065,-0.0031672764753074576
1995-03-01,0.44749531808770127,-0.10139255297675467,-0.2969863874636461,-0.1816008431499398,0.19339329559789237,0.004556146791791983,0.04245379419365178,0.1293077142190478,-0.055474951263684825,0.171822010722809,-0.23127611736493817,-0.6503484024954276,0.07109022031069889
1995-06-01,0.4744599488158253,-0.07319827036449537,-0.3223739923856523,0.0893516260996488,-0.2656145108804725,0.0988804602111205,0.1021070372041401,-2.9432752678071363,0.1671405397759441,0.5256832834403095,-0.5300532065099622,-0.7829455571052586,0.09987603273477527
1995-09-01,0.5736540749364275,-0.09017464292262159,-0.3249498517394555,-0.029792884070497107,-0.2414301462976542,-0.01108631407092885,0.07654229530801208,-2.8491421646271853,-0.09549273013332986,0.10840872420973656,-0.0526649580672679,-0.5882711206132546,0.05960359302802824
1995-12-01,0.46592099020301336,-0.1558989941990248,-0.2508716013855329,-0.16211354928604904,-0.07673920547303421,-0.06249677772307452,0.08549004192294526,0.705845827450055,0.17591319625944024,0.07362518172721051,0.022683187682647273,-0.39693980090373293,-0.1338021915479882
1996-03-01,0.3363763781157512,-0.07200570554993467,-0.4652309197031379,0.0001830946506643647,-0.12633588689019137,-0.00254494449527308,0.05566788505719926,0.8343672653733911,0.13838447120807457,0.22611261002618543,-0.21371302851767363,-0.174170478544534,-0.061950723084234834
1996-06-01,0.35210623830558135,-0.16463419091388415,-0.31034035295353124,-0.07755933935269638,-0.11528012977505632,-0.07332208225726376,0.07095687893366068,1.2258655545730952,0.3878734821979479,0.04734757575991007,-0.17295039084762157,-0.09341293468405705,0.042535037039741305
1996-09-01,0.3343185671452793,-0.0829981837624741,-0.4651549036070774,-0.10145265594309048,-0.04656809882587232,-0.04308991594940111,0.011607781845080274,0.2931831936691959,-0.03956954542013548,-0.1171102795586498,-0.6649621643731038,0.14105377163047986,-0.13954298989774622
1996-12-01,0.33176425002013477,-0.10295113404359907,-0.3150879005637618,0.010705684829947187,0.05360484730715724,0.02971741952757417,0.056382427393215945,0.7516003122125554,0.09938460343927456,-0.04401138674856976,-0.49740476972794617,-0.11520687928831233,0.05814662232045807
1997-03-01,0.31303410318903085,-0.10015561559208737,-0.39010213582834363,-0.08523518471961747,-0.03568207548672617,-0.009311256209237478,0.04731531944717082,1.2307673136665667,0.062104196363353376,-0.18124901482653744,-0.11875204594441684,-0.2233352319284097,-0.1536194589663954
1997-06-01,0.3083493823155122,-0.09402836988955103,-0.1540695544250963,0.09210148743694167,-0.038966876531898086,0.09005439894020259,0.04199032414413935,-0.10254659037527758,0.27854567712338907,0.03478573461167503,0.12602573302323086,-0.16951472039743787,0.01040560490525947
1997-09-01,0.3587751424573756,-0.22132091629963155,-0.4150165414150252,-0.04531159268956226,0.31045406541113246,-0.022768074811425964,0.01056624882827829,0.5753176440571959,-0.004083278779175192,0.10073452434075308,-0.15361602161057325,-0.15386967242886157,0.11942405324226592
1997-12-01,0.30001849362067545,-0.0299842872468106,-0.2711484336866722,0.11569215821900655,0.029535890388005935,0.023428576472850664,0.011917926000538471,0.6208037026496107,0.14613784481947045,0.00968261791618803,0.19907173783441715,-0.14329664082875682,0.07723277869700926
1998-03-01,0.43007928063538636,-0.12040638492569974,-0.0964943185558179,0.16671159805531643,0.12679040589453758,-0.025790393061642825,0.011186398121519815,0.9192713554844918,0.03361627394638468,0.22657653305837333,0.11917364132357322,-0.19031301208517745,0.1914758212917804
1998-06-01,0.06588900676448112,-0.062042580252967626,-0.09516900519692507,0.16271845621970138,0.13915973632515083,0.12130607233719823,-0.06704956482069187,0.421005931186495,-0.12556171160097912,-0.11234843535803817,0.16676803149721262,-0.04087047658680542,0.24313579325753856
1998-09-01,0.08693734544900936,-0.09377902132254107,-0.07767749449915735,0.2924513782876159,0.047250844965463945,-0.08950593733232275,0.005199706166056884,0.2691684744608307,0.20324080301999445,0.09275700510102078,0.4180715039115958,-0.14086620578417153,0.2540838089601147
1998-12-01,0.43566891508157723,-0.19662897519212028,-0.06188842271990862,0.16671225281696495,0.026050124916286548,-0.03835041535267604,-0.055116721974831875,0.08907045251610579,0.0489335532731711,-0.05047828371538541,-0.37338301336959207,-0.004412224542811548,0.0955992015761921
1999-03-01,0.5319291574284464,-0.11965111054771412,-0.0456854841784732,0.21273707288004762,-0.01435689812574635,0.01052829288962568,-0.11401350487168613,-0.10035080054626017,0.2739671488813607,-0.12599052397636973,-0.5837051101597802,0.07520141414141349,0.10831154302090516
1999-06-01,0.586275992065997,-0.046424975282599,-0.05598320427461721,0.22660617236710034,0.14280881974785611,0.11519423401100007,-0.006821089899449767,0.5124363101176994,-0.15852649181146022,0.014414833502243336,-0.23810895127950718,0.03575341952264068,0.05485843936977561
1999-09-01,0.7215388116070951,0.007189303325770478,-0.0823807980321574,0.28165553255273335,-0.21926196737703924,0.0034274711256594877,0.022439790956148155,0.10544672634782778,0.15346601819178698,-0.05313181398656758,0.17604716494050016,0.146370457562484,0.15530338984204187
1999-12-01,0.3669723018277376,-0.058686812899679454,-0.031450447049224464,0.32609958780041537,-0.2386138975906126,0.048561995145890255,0.001578591128007234,-0.15575442649755133,-0.008201298990371395,-0.06159622943383049,-0.13103459528867162,0.03175390196336814,0.1781815242769296
2000-03-01,0.3652267553194743,-0.11170939443934456,-0.0405008177656266,0.1823496038829276,-0.286977934239921,0.01816509612050308,-0.015745098292974193,-0.1089029276488102,0.09977473110019225,0.01757856304761435,0.7680935013086475,0.03560560514319235,0.23062799248687227
2000-06-01,0.2532771380471225,0.018395024387595167,-0.06846426033162015,0.4328586230875451,-0.26254192471624926,0.0680274726285854,0.02450186066089629,0.4626205012065526,-0.13772740275949213,0.029765998703577063,-0.03241156317189891,0.11067442718143686,0.15577643150719214
2000-09-01,0.11059319298463782,-0.02835713873741381,-0.08702349302833036,0.18213949712009192,-0.2147395354748624,-0.014391446277604553,-0.04972481980453558,0.21060264260489792,0.06916186388305899,-0.06335941544014907,-0.25461809850686024,-0.0643829039318575,0.08483143699604237
2000-12-01,0.4471821918025569,0.014992888622520656,-0.06983682536013604,0.35979128435228386,-0.20683748720250544,0.05633029839347699,0.03045970419868211,0.10469454867567404,0.1030493745136579,0.0283638266401988,0.13712795683367152,0.07871298735386699,0.160410890004228
2001-03-01,0.023391603281936235,-0.020900255178766237,-0.12786279323798114,0.3537525644606413,-0.16617217785002722,-0.08599827383837189,-0.01810988763097745,-0.6090101330926678,0.17683448532090998,0.1959839591049477,0.23853833666487115,0.21967361024034435,0.2005925477367309
2001-06-01,0.3297594285747252,-0.10695864907012262,-0.006508546753317529,0.45858310527034285,-0.1418585441404512,-0.04491956746679575,0.005575984576743943,-0.0997798878337418,-0.47262767723319254,0.12428926089297818,-0.17367899926461666,0.08055118853497555,0.18319833221420917
2001-09-01,0.34969552497096773,-0.0789080161768196,-0.02845612613768875,0.38670506954938916,-0.13894536618851439,-0.037158009789907326,-0.07440083747436443,-0.3947094783817966,0.014517422375532406,0.03349016746129627,0.002315930920570258,0.1282062507237721,0.042066842324353135
2001-12-01,0.4234055056224424,-0.1249408420596583,0.10084370467665846,0.46486716133418693,-0.06781922874527285,-0.08161708746677589,-0.021469960037937594,0.03289523241017466,-0.00472500486157863,-0.003316233418707744,-0.2453942420018359,0.028528202156470082,0.19274084173933864
2002-03-01,0.5340112578671565,-0.11745450177484647,0.050943491260204095,0.37175786566119745,-0.04022947366751525,-0.014962209562850187,-0.053624682893326725,-0.3161822445288697,0.02308259158294281,-0.002926626827158498,-0.1677976871834852,-0.01262777206525472,-0.007047964074068738
2002-06-01,0.49322596992428547,-0.050902709816735656,-0.0437250072713414,0.22434295300758716,-0.11054710231695149,0.09600778890000047,-0.027179617443270212,-0.6144130692520938,0.18139882271733374,-0.050787277419988966,-0.13600664956890193,0.1740874495785008,-0.002769742601987528
2002-09-01,0.30853021477788695,-0.04347923674944203,-0.07989913307663886,0.2444930958077672,-0.13849679662779846,-0.015430681482029956,-0.0004933978424712313,0.040460104820828055,-0.010197126176364108,-0.03673707097804066,-0.2811503091937061,-0.013325226330519292,0.04322239940093236
2002-12-01,0.4455735264331466,0.010239971113605167,0.04027625787860144,0.20629717233782227,-0.06722077990738273,-0.02926354351039563,-0.12923742736008076,0.052861532212484644,-0.09295665494922438,-0.03839049280300885,-0.2014197602515776,0.082246285663687,0.020896034525342062
2003-03-01,0.2826971736701753,-0.049993763899955204,0.11721666082974966,0.31792725012231937,-0.04773761984337013,-0.02665477397040752,-0.1415040025055665,-0.01009133366679541,-0.01659822394770115,-0.016210468653493355,-0.4051044515007716,0.07289688569932086,-0.036229035740000554
2003-06-01,-0.02366176912492067,0.01150123396809882,0.10462947747012252,0.41867379561308227,-0.0796380338789523,0.010297465775270336,-0.1276067638763095,-0.0420458177843211,0.23613021505509127,-0.09840973197147954,-0.5226869893344946,-0.004620476652538015,0.007824894450508716
2003-09-01,-0.04012021129045021,-0.01273373320335284,0.0627416873206943,0.23142874616319473,-0.17422250296666852,-0.056112651198579,0.017468881652548368,-0.2012950257868413,-0.010418907131975923,-0.09972219177851582,-0.12349296272358344,0.22375770056331434,-0.17413617096093076
2003-12-01,0.10179561285038806,-0.13464019818509584,-0.02253070939029867,0.14769092076069926,-0.21677670866318982,-0.05845459360598896,0.015167756911690705,-0.5609965957504596,-0.018404723246584195,-0.15775659735799086,0.06348694360574983,0.07024397894116795,0.022347486752269934
2004-03-01,0.1745815522853464,-0.1488545164609371,-0.09457997715308136,0.22492074721259164,-0.22379109725577626,0.0014246885866436299,0.07907887312528837,-0.06484849233971678,0.11085089459514254,-0.05763059033904633,0.21114802025443416,0.16156076673460998,0.048531386116198186
2004-06-01,-0.10612601429996539,-0.020555014914717652,-0.11417196569610433,0.19492324785292284,-0.25339979606600466,0.025727694954755163,0.10044592175681646,0.16758175265474404,0.14361372308953654,-0.09375737820624619,0.030123517276039395,0.019860202466531605,0.16418178445967585
2004-09-01,-0.15920267378542202,-0.018232351554943318,-0.13774156032716078,0.32699927053132627,-0.23943545819152415,0.09030367778497174,0.05992647392645924,0.41483460388417626,-0.04571737468582287,-0.1577179374131213,-0.06242257346043197,0.16530876906263325,0.09543566205539458
2004-12-01,-0.32340520370477527,-0.023568791343974854,-0.17369194134231414,0.32262757949657506,-0.218302147846144,0.10893240848715677,0.08159644323881479,-0.3921825525205726,0.0941330817213793,-0.18107609987833964,-0.11658372717638195,0.17262039463969261,0.013510008967597017
2005-03-01,-0.3133182635051928,-0.02156296085119208,-0.20343548329808073,0.2746641089887475,-0.24005831962109878,0.06159553109857356,0.0896210505231125,0.2106218630503772,0.09543524634201819,-0.1904980537452941,-0.1861357047007867,0.16477673107632967,0.13733887529790917
2005-06-01,-0.37468652724860596,-0.020280631534447247,-0.09703322069521003,0.39879294803606563,-0.2733260158400779,0.012540686022968046,0.090239188189266,-0.2887940533562344,0.08272435386266114,-0.24627071710806658,0.2848442012921347,0.2446015433218304,-0.06094589297412591
2005-09-01,-0.08058773081906945,-0.010385758211311831,0.018728889533941064,0.3726601742359779,-0.27646182365776195,0.061817923012383216,0.13457537114813964,-0.2247800739295996,-0.058148464320906736,-0.12788955373279362,0.3010512058232509,0.18252338690927522,-0.061930260162182116
2005-12-01,-0.2559346777976919,-0.0293149521789433,-0.04003476153645156,0.3449216556300171,-0.33115165232211,0.11674954121899431,0.1110508637130917,-0.03765440000648025,-0.03915424903887588,-0.15488793085883673,0.17392747511741197,0.17215762042140903,-0.008463190819219361
2006-03-01,-0.3483396734270089,-0.023761515359524338,0.05823695640880186,0.4187065535251026,-0.3532184407935146,0.08299059712203448,0.13838757486072423,0.3030244191647754,-0.018314730334852272,-0.19005233739419225,0.17357569587818353,0.19690749533413993,0.10476148004664587
2006-06-01,-0.36896015809333044,0.006216106525602057,-0.24073823853220883,0.43705248610981534,-0.340037372708509,0.04237576966049339,0.12546287164962533,0.36082252016830957,-0.04068665638527688,-0.21681494142500496,0.1920210409133518,0.14200358199675103,0.07582310568484278
2006-09-01,-0.6472998918912417,-0.013491720352008778,-0.25274507787629413,0.44307638654024356,-0.30253556208027227,-0.007922598546560404,0.14845288725033978,0.10473466740613116,-0.2609161724912166,-0.14147841312147108,0.29962959842020204,0.07519667325011978,0.2307205404064956
2006-12-01,-0.334635613935669,-0.056473215441506346,-0.16770259822826888,0.4885646140582939,-0.27763738609790267,0.03791955796357042,0.13467891204322976,-0.04499452347761607,-0.1448334191720969,-0.11855594625211541,0.37729038276468874,0.1099343343804754,-0.04737748408454984
2007-03-01,-0.6948064921160617,-0.03520107276804106,-0.24160938137238752,0.3712964815240566,-0.2853951567455377,-0.009146246516368979,0.14755394386447512,-0.39049002384137277,-0.16315819497373205,-0.0948495757917541,0.5797140889925204,0.24906468552610955,0.06763054006520461
2007-06-01,-0.3967869211642738,-0.03252106148132221,-0.06733522752872739,0.3629756250224351,-0.30518895661684786,0.03233493044153682,0.11640414419883058,-0.08307224376650575,0.05312099310247407,-0.2008359470186977,0.28319639585309225,0.20357330808682492,0.1430929845369995
2007-09-01,-0.1818257874862405,-0.015977428921256046,-0.07990452750645,0.3591295701897809,-0.3053369232015446,0.10274736664260764,0.07790124296402975,0.05446335252539342,-0.11323245918007295,-0.17882564082149185,0.43174802661022177,0.220016868374725,0.1568848348345725
2007-12-01,-0.1368838934519496,-0.03622051393537229,0.025446634992854253,0.26883074599835366,-0.18999808548901523,-0.0025652924007988197,0.007055967335428515,0.047884063526231764,-0.11231251456577737,-0.13679061220256372,0.2916032895961148,0.2039386569167419,0.03326899927333417
2008-03-01,0.19243794055235353,-0.012397221866724633,-0.04257678201890289,0.1538979610055288,-0.1367088963554942,-0.10752506600186046,-0.05484938741349105,-0.16907783765358378,-0.09152101582160771,-0.22751709859537506,0.07701257209911258,0.12599184261474447,-0.09473632930259687
2008-06-01,0.21924240031765127,-0.0484454015729252,0.12396918199907848,0.08727306652669468,-0.01960487624574314,-0.07189606659791303,-0.090499419320433,-0.22158905113349764,-0.23719891927613093,-0.011242956991475692,0.32371847407016374,0.15331815982541297,0.10365219565674066
2008-09-01,0.26105603466307903,-0.02095910707525276,-0.04242611013185994,0.06744273687022243,-0.11193154740372249,0.016612384158488806,-0.142246552439455,0.3660634297704998,-0.08091832321338586,-0.11453702091557182,0.2808042994459257,0.10660877451302567,-0.16304748228338478
2008-12-01,0.6994752021707547,-0.06086308959937305,-0.09290127747384544,0.005505213560309414,0.015351603640731154,0.08170087425780012,-0.15891746533590598,0.34140008034071107,-0.12382631050001089,0.008192481928405798,0.13069219075825342,0.020204282117216116,-0.02596775939567764
2009-03-01,1.3913758607359763,0.019286360092092197,0.18426153088177424,-0.23824010163357232,0.46972147184770546,-0.25918496368055716,-0.45470370273868604,0.17620548910100994,-0.3155485777015511,0.19241268086055718,-0.6209552878619351,0.0400916579439784,-0.18176442172125068
2009-06-01,1.4394005404413461,-0.13122205821257374,0.3496042978696507,-0.4670575386328448,0.2577272702811765,-0.29331431108623895,-0.35686306078269103,-1.383402008616995,0.26845387918423264,0.026796637762647818,-0.2412842467579096,-0.1301851953511038,-0.1449044628136022
2009-09-01,0.6780627545264506,0.03044692112759015,0.00323812479995772,-0.10589879204821695,0.014033280604424075,-0.2900506560881849,-0.1345615261456708,-0.8697907995446325,-0.1906017244548785,-0.08138153960392759,-0.06161452240487431,0.09320818187193047,-0.11153114371305042
2009-12-01,0.5240676282327373,0.02198896927843197,-0.13354545333953274,-0.14305933491001122,-0.08116452778900564,-0.05866193923707748,-0.026506059422705376,1.104269619971348,-0.12111234136305926,-0.010637106809207788,0.334515613125888,0.21601024691931944,-0.08253961022183134
2010-03-01,-0.04527457320738254,-0.032651554771135516,-0.2020452492095282,-0.27420912975011064,-0.16454301385835096,0.042356455661411316,0.03935193137473078,0.2853348807330757,-0.048996280156188406,-0.11136787607106813,-0.1498961463743977,0.2753624942486974,0.024828792792012534
2010-06-01,0.027828051882374118,-0.011417246512778844,-0.03843652104721533,-0.24509327136157755,-0.2470812886515535,0.07924446088317555,0.05316419660426752,0.14984236498423345,-0.12348295165437648,-0.05224750425619441,0.3759932152306202,-0.23765823684969284,-0.005908824915150001
2010-09-01,0.10480571496764793,-0.02066691716864477,-0.030437482358115737,-0.29374964107918605,-0.1443361282908725,-0.09005409740569345,0.011393797801017898,-0.07900949376753401,-0.34418498225969313,-0.04893749146171609,0.14952475955081496,0.043518088830089945,-0.08247527911923007
2010-12-01,-0.059204143622570905,-0.03433275356276267,-0.045240302784199216,-0.3198027037846169,-0.1422964829519897,-0.021783448627622444,0.011908718368094571,0.008998316405733392,-0.0950287788423185,-0.08103529948253807,-0.008667554909138104,0.1778080244110941,0.002762466627250392
2011-03-01,-0.07632476842828884,-0.05472218816986299,-0.16398817539602378,-0.22924557960350997,-0.1540853676073256,0.08759816348279395,0.008895541528866353,0.08321013774009606,-0.12226679210054539,-0.0665842195379502,0.2255706156976008,0.08466758503799396,0.10206511965598618
2011-06-01,-0.1451541688581477,-0.02209554491274935,0.022038912825461294,-0.2579562994663651,-0.20259261719000307,0.07730911361187555,-0.0037529341673795125,0.1974709031365613,-0.3984411092898269,-0.06113785373375186,0.19291101114732834,0.16669300307003088,0.2905308923417237
2011-09-01,-0.1753975874251168,-0.08001574166911735,-0.09525602081244323,-0.3362761872573505,-0.19069674184502547,-0.0237613228195449,0.021745473642277444,0.0024555311108716473,0.029250457039883833,-0.0764896795657268,0.17377009598191492,0.2631535060224101,-0.06461643088345763
2011-12-01,0.03725083423457043,-0.0647564846510283,-0.06697977609822309,-0.5219926038913419,-0.11778836203072927,0.04854942112951418,-0.05013031929292977,0.5146395813526955,-0.057899711759724276,-0.14483093348597145,-0.3617503260085866,0.05143859853178902,-0.10391347865953647
2012-03-01,0.06746539754183742,-0.0022607102050893196,-0.04600808282724418,-0.5157324361731976,-0.10996946268219558,-0.02138281520392949,-0.0508262046236347,0.08516967108048802,0.09941151556596664,-0.20497395199275725,0.18501678646849748,0.3506528535852258,-0.07914116760547893
2012-06-01,-0.17517056093955982,-0.008706753681079708,0.006221485927988383,-0.6087436277046611,-0.3291332140948128,-0.05231714919169467,0.029237331519494567,0.030183383386232446,-0.05726164989514869,-0.25123766313811613,-0.034580819991710754,0.20999318341064788,-0.10849294164276399
2012-09-01,-0.14361700888341206,-0.0027405130037130195,-0.06390291373985221,-0.6042485197770735,-0.0696478198679907,-0.005811347179789308,0.03974146555890209,0.2853025699579386,-0.050687231378973935,-0.11495568781145835,0.10739625879609128,0.18559977268776878,-0.1279496313361899
2012-12-01,-0.3551237334468154,-0.008592433916320629,0.1394702001730502,-0.45189291753231986,-0.20668319228291598,0.017939809137855544,0.06394552355119139,0.17891827340304245,-0.03677393260980113,-0.1023113590103403,0.28817730912850853,0.27867841302109125,0.021586575289243258
2013-03-01,-0.3758627490119084,-0.010604145026207797,-0.10290144525075708,-0.5681584433948149,-0.410199446678571,0.026257515732979683,0.07504515315821753,0.37224713692156464,0.061891918264648904,-0.188864401662913,0.16486422699877562,0.3120316307651648,-0.03193487793188222
2013-06-01,-0.539702549038293,-0.004135769365141435,-0.06972487821433737,-0.5209863772901431,-0.4383119979724903,0.07096129429355275,0.1104615059945129,-0.09857002914369731,0.14929346321844517,-0.30955186854126326,0.10695528788853748,0.1798820244802174,-0.12747930583619377
2013-09-01,-0.31330609321030056,-0.001884540066936077,-0.061718056673662286,-0.4258686109942301,-0.42185567775373467,0.029068307389128255,0.09420832099193353,-0.4979872823107798,-0.127666704851342,-0.09817662221401852,0.309562361244255,0.3182164027317008,0.132736404732526
2013-12-01,-0.4721353491199607,-0.01939383638852478,-0.020415666927285137,-0.42757527959639957,-0.34081390894959496,0.04817778839183268,0.07378199240244479,0.09920649808767734,0.008837322342190009,-0.12111126428550183,0.20950381707837176,0.26612150803111034,-0.13525836815264056
2014-03-01,-0.49784916614047686,-0.014537113604534154,-0.06704472110872228,-0.2790904974711803,-0.3309576120333356,0.09213299198458358,0.10103005038616901,-0.0026655807043260713,0.014261513799214474,-0.1639045222587372,-0.003422825579759904,0.20273080526215032,0.05652104568061509
2014-06-01,-0.5045403787880163,-0.010599198608205712,-0.014645373089608574,-0.14622204291417407,-0.27872667654797745,0.004110141091498654,0.09596429940119286,0.09951921131723954,-0.10704999746958069,-0.077928531546791,0.3272049178003605,0.24654507899622283,-0.03823854748715932
2014-09-01,-0.652076854278599,-0.009231823951590222,-0.007317612366284365,-0.11525067896588684,-0.18621457582864123,0.1031408538948261,0.10541828363579532,0.3076334222669632,0.05671412343389508,-0.12364805371036361,0.24860316741350844,0.26072031380734595,-0.02972299659395935
2014-12-01,-0.6964450669809059,-0.013267206235575271,-0.08271657868288575,-0.0896837282555324,-0.3056548478267409,0.06160237642239703,0.1154815567847054,-0.16554046462795827,0.004562092391397287,-0.13977248513414525,0.23596120707271645,0.25583416269536974,-0.00661947215466358
2015-03-01,-0.48712477526970044,-0.00957735914581457,-0.051791290338357845,-0.03051399886633825,-0.29798065542792534,0.006328550780435985,0.08973291241946182,0.19140219127601232,-0.05536926357975407,-0.17568877267208044,0.30076055392881734,0.22117477106683953,-0.09895160295128207
2015-06-01,-0.45200990851724915,-0.015072862376842824,-0.07953780289350944,0.07388812276185856,-0.32060144449300926,-0.15050490182347392,0.05450953151881795,-0.10435064639645544,0.142837605164192,-0.12238463576583787,-0.32133672547821496,0.14823857203723845,-0.017674432195995043
2015-09-01,-0.5661538033620748,-0.00023438357377895784,-0.02723006675742819,0.10053621308276714,-0.3026732915470637,-0.09304143538197981,0.0719880505366843,0.17916263687112324,-0.07412274839449304,-0.05836199220996601,-0.10041750968005267,0.22236401157161495,-0.13825211983647873
2015-12-01,-0.21778116725315128,-0.006871829389879198,-0.016730351783316093,0.03734560917615848,-0.1983770453742209,-0.06590635164725847,0.0364444244667967,0.2684148109095362,-0.019227712716904988,-0.06728466785778167,0.20210797060382282,0.14787021343988482,0.02620783824063497
2016-03-01,-0.3999482247669045,-0.002425045269147566,0.07111769974341786,0.15446802011586613,-0.19841459926616667,-0.06460413046104407,0.04735672304667318,-0.11511707433014534,-0.05913995757073297,0.027310506609466975,0.16626134220891617,0.1797200932080628,0.0030525585327984394
2016-06-01,-0.4383579487408026,-0.011679282898665832,-0.055635923023800035,-0.0038859174289336065,-0.10468775790370288,-0.013596454676069493,0.0026185853671978196,0.03379004537110195,-0.06421527026599722,-0.0454340644758958,0.06319829819012912,0.2844197896815309,0.08722781723262733
2016-09-01,-0.4778877957850343,-0.0020271218699579006,0.006773558759483424,-0.07026376624022848,-0.11671346715508506,-0.09498814216759395,0.02979436335065536,0.015593780517691155,-0.03386172277458805,-0.07049583950201858,0.1881198789975323,0.3180596618132362,-0.19109458630056858
2016-12-01,-0.7131241747185992,0.007890169843634422,0.004028754703720609,0.13618523416468364,-0.13673242801020563,0.0982846900882875,0.05177917361288313,0.294944472785215,0.028468684225723174,0.0046522108764458945,0.23042480690736097,0.24454991317251748,-0.0068608042071755275
